title,plot,ratings,date,total_reviews
The One Where Monica Gets a Roommate,"Monica and the gang introduce Rachel to the ""real world"" after she leaves her fiancé at the altar.",8.3,22 Sep. 1994,"-8,583"
The One with the Sonogram at the End,Ross finds out his ex-wife is pregnant. Rachel returns her engagement ring to Barry. Monica becomes stressed when her and Ross's parents come to visit.,8,29 Sep. 1994,"-6,607"
The One with the Thumb,Monica becomes irritated when everyone likes her new boyfriend more than she does. Chandler resumes his smoking habit. Phoebe is given $7000 when she finds a thumb in a can of soda.,8.1,6 Oct. 1994,"-6,213"
The One with George Stephanopoulos,"Joey and Chandler take Ross to a hockey game to take his mind off the anniversary of the first time he slept with Carol, while the girls become depressed when they realize they don't have a 'plan'.",8.1,13 Oct. 1994,"-6,035"
The One with the East German Laundry Detergent,"Eager to spend time with Rachel, Ross pretends his washroom is rat-infested so he can join her at the laundromat. Meanwhile, Joey has Monica pose as his girlfriend, and Chandler struggles to break up with his girlfriend.",8.4,20 Oct. 1994,"-6,029"
The One with the Butt,Monica's obsessiveness is put to the test after Rachel cleans the apartment. Joey lands a film role as Al Pacino's butt double. Chandler enjoys a relationship with all of the fun but none of the responsibility.,8.1,27 Oct. 1994,"-5,745"
The One with the Blackout,"When New York suffers from a blackout, Ross tries to tell Rachel that he likes her, and Chandler gets stuck in an ATM vestibule with a model.",9,3 Nov. 1994,"-7,311"
The One Where Nana Dies Twice,Monica and Ross mourn the loss of their grandmother. Chandler is shocked to find that people think he is gay.,8.1,10 Nov. 1994,"-5,615"
The One Where Underdog Gets Away,The gang's plans for Thanksgiving go awry after they get locked out of Monica and Rachel's apartment.,8.2,17 Nov. 1994,"-5,444"
The One with the Monkey,The gang make (and break) a pact not to bring dates to their New Years Eve party. Phoebe starts dating a scientist. Ross compensates for his loneliness by getting a monkey.,8,15 Dec. 1994,"-5,472"
The One with Mrs. Bing,"Chandler's flamboyant romance-novelist mother comes to visit, and Joey catches her kissing Ross. Meanwhile, Monica and Phoebe fight over a guy in a coma.",8.2,5 Jan. 1995,"-5,387"
The One with the Dozen Lasagnas,Rachel and Paolo's relationship hits a snag when he makes a pss at Phoebe. Ross refuses to find out the sex of his baby until it's born. Chandler and Joey go shopping for a new kitchen table.,8.2,12 Jan. 1995,"-5,293"
The One with the Boobies,Joey finds out his dad has a mistress. Rachel tries to even the score after Chandler inadvertently catches a glimpse of her breasts. Phoebe dates a shrink who analyzes the gang.,8.6,19 Jan. 1995,"-5,645"
The One with the Candy Hearts,"As Valentine's Day approaches; Ross and his date end up at the same restaurant as Carol and Susan, Joey inadvertently sets Chandler up on a blind date with Janice, and the girls burn mementos of their old boyfriends.",8.2,9 Feb. 1995,"-5,201"
The One with the Stoned Guy,"Monica cooks a gourmet meal for a restaurateur who is looking for a new chef, however he arrives at the apartment stoned. Meanwhile, Ross tries to master 'dirty talk'.",8.2,16 Feb. 1995,"-5,247"
The One with Two Parts: Part 1,Phoebe feels neglected when Joey falls for her twin sister. Chandler struggles to fire an attractive co-worker. Ross attends Lamaze classes with Carol and Susan.,8.1,23 Feb. 1995,"-5,167"
The One with Two Parts: Part 2,"Rachel switches identities with Monica so she can use her health insurance. Meanwhile, Ursula continues to come between Phoebe and Joey.",8.4,23 Feb. 1995,"-5,265"
The One with All the Poker,"As Rachel interviews for a new job, the girls take on the guys in a game of poker.",8.8,2 Mar. 1995,"-5,825"
The One Where the Monkey Gets Away,The gang frantically search for Ross's monkey Marcel after Rachel loses him.,8.1,9 Mar. 1995,"-5,040"
The One with the Evil Orthodontist,"Rachel and Barry start dating again, despite the fact that he's now engaged to Mindy; Chandler goes nuts when a woman he likes won't return his phone calls.",7.8,6 Apr. 1995,"-5,033"
The One with the Fake Monica,Monica befriends the woman who stole her credit card. Ross is forced to give away Marcel. Joey tries to come up with a less ethnic-sounding stage name.,7.8,27 Apr. 1995,"-5,071"
The One with the Ick Factor,Monica gets a shock when she finds out her boyfriend is a high school student. Chandler finds out his colleagues don't like him when Phoebe temps as his secretary.,8.3,04-May-95,"-5,035"
The One with the Birth,"As Carol goes into labor; Ross and Susan argue, Rachel flirts with Carol's doctor, and Joey assists a pregnant single mother.",8.7,11-May-95,"-5,317"
The One Where Rachel Finds Out,"As Ross leaves for China, Chandler accidentally reveals Ross's feelings for Rachel. Joey takes part in a fertility study and is unable to sleep with his new girlfriend.",8.9,18-May-95,"-5,665"
The One with Ross's New Girlfriend,"Rachel waits for Ross at the airport, unaware he has a new girlfriend. Meanwhile, Chandler has a frightening experience with Joey's tailor, and Phoebe gives Monica a bad haircut.",8.5,21 Sep. 1995,"-5,160"
The One with the Breast Milk,"Monica goes shopping with Julie and tries to keep it a secret from Rachel. Ross is grossed out by Carol's breast milk. At his day job, Joey competes with a fellow cologne spritzer.",8.2,28 Sep. 1995,"-4,941"
The One Where Heckles Dies,"Mr. Heckles dies and leaves all his possessions to Monica and Rachel, Chandler worries he will die alone just like him. Meanwhile, Rachel and Monica argue over a lamp, Phoebe and Ross argue over evolution.",8.3,5 Oct. 1995,"-4,949"
The One with Phoebe's Husband,"When the gang find out Phoebe married a gay Canadian ice dancer for a green card, more of their secrets are revealed. Meanwhile, Rachel gives Ross bad advice on his relationship with Julie.",7.9,12 Oct. 1995,"-4,802"
The One with Five Steaks and an Eggplant,"The gang are divided by income issues; Monica, Ross and Chandler make more money, while Rachel, Phoebe, and Joey don't. Chandler also uses a case of mistaken identity to his advantage.",8.2,19 Oct. 1995,"-4,811"
The One with the Baby on the Bus,"Joey and Chandler are left to babysit Ben when Monica takes Ross to the hospital. Meanwhile, Phoebe loses her singing gig at Central Perk to a professional singer.",8.6,2 Nov. 1995,"-5,156"
The One Where Ross Finds Out,"A drunken Rachel calls Ross and reveals her feelings for him on his answering machine. Meanwhile, Monica keeps busy by being Chandler's personal trainer and Phoebe constantly wonders why her current boyfriend won't sleep with her.",9,9 Nov. 1995,"-5,872"
The One with the List,"With help from Chandler and Joey, Ross makes a list of pros and cons to decide whether to be with Julie or Rachel. Meanwhile, Monica gets a job making dessert with a disgusting synthetic chocolate substitute.",8.5,16 Nov. 1995,"-4,844"
The One with Phoebe's Dad,"Phoebe tracks down her father, but isn't sure whether she should meet him.",7.9,14 Dec. 1995,"-4,634"
The One with Russ,Monica gets back together with 'Fun Bobby' and realizes why he is always so upbeat. Rachel starts dating a guy called Russ who bears an uncanny resemblance to Ross.,8,4 Jan. 1996,"-4,875"
The One with the Lesbian Wedding,Rachel's mom comes to visit with big news. Monica caters Carol and Susan's wedding. Phoebe becomes 'possessed' by the spirit of a recently deceased client.,8.1,18 Jan. 1996,"-4,762"
The One After the Superbowl: Part 1,Ross goes to visit Marcel whilst on a trip to California and discovers he is working in commercials. Joey receives a fan letter from an attractive but unstable woman. Phoebe is asked to sing for children at a library.,8.6,28 Jan. 1996,"-5,012"
The One After the Superbowl: Part 2,"Ross finds Marcel on the set of a new movie, where Chandler bumps into a former schoolmate. Meanwhile, Rachel and Monica compete for the affections of Jean-Claude Van Damme.",8.7,28 Jan. 1996,"-5,188"
The One with the Prom Video,The gang watches a home video from the night of Monica and Rachel's prom. Joey gives Chandler a hideous bracelet.,9.4,1 Feb. 1996,"-7,526"
The One Where Ross and Rachel... You Know,Monica becomes infatuated with a friend of her parents when she caters a party for him. Ross and Rachel go on their first date. Joey and Chandler refuse to move when they get a new TV and two armchairs.,8.9,8 Feb. 1996,"-5,250"
The One Where Joey Moves Out,Joey and Chandler's friendship is jeopardized when Joey decides to move out. Monica worries about her parents finding out about her relationship with Richard when they attend a party together. Rachel and Phoebe go to get tattoos.,8.6,15 Feb. 1996,"-4,657"
The One Where Eddie Moves In,"Chandler gets a new roommate. Phoebe gets the chance to make a music video for her song ""Smelly Cat"". Ross and Monica clash when he is always at her and Rachel's apartment.",8.3,22 Feb. 1996,"-4,597"
The One Where Dr. Ramoray Dies,"Joey's soap opera character is killed off after he brags in an interview that he writes his own lines. Chandler is unnerved by Eddie's strange behavior, while Ross and Rachel compare their past lovers as do Richard and Monica.",8.4,21 Mar. 1996,"-4,593"
The One Where Eddie Won't Go,"Chandler demands that Eddie move out; however, he doesn't seem to get the message. Meanwhile, a book on empowerment for women inspires the girls. In order to pay his bills, Ross convinces Joey to audition for a role he doesn't want.",8.5,28 Mar. 1996,"-4,715"
The One Where Old Yeller Dies,Phoebe's world view is shattered when she learns how Old Yeller really ends. Monica becomes jealous when Richard starts hanging out with Chandler and Joey. Rachel panics when she learns that Ross has planned their whole life together.,8.1,4 Apr. 1996,"-4,469"
The One with the Bullies,Chandler and Ross run into two bullies at Central Perk. Monica tries her luck at the stock market to avoid taking a job at a 1950s themed diner. Phoebe drives upstate for a second time to meet her father while Joey and Rachel accompany her.,8.1,25 Apr. 1996,"-4,518"
The One with the Two Parties,"Chaos ensues when Rachel's recently divorced parents show up at her surprise birthday party, so the gang has to find ways to keep her parents separated otherwise they'll start fighting.",9,02-May-96,"-5,619"
The One with the Chicken Pox,Phoebe catches chicken pox just as an old flame arrives in town on leave from the Navy. Joey gets a job at Chandler's office. Monica is upset that Richard doesn't have any quirks.,8,09-May-96,"-4,531"
The One with Barry and Mindy's Wedding,Rachel reluctantly agrees to be maid of honor at her ex-fiancé Barry's wedding. Monica ponders her future with Richard. Joey has to practice kissing guys to get a role in Warren Beatty's new movie but Ross and Chandler are unwilling to help him.,8.2,16-May-96,"-4,544"
The One with the Princess Leia Fantasy,Monica suffers from insomnia and depression following her breakup with Richard. Joey struggles to accept Chandler and Janice's relationship. Ross confides in Rachel about one of his fantasies.,8.4,19 Sep. 1996,"-4,693"
The One Where No One's Ready,"A stressed Ross desperately and insistently tries to get the rest of the gang ready for a black tie event at the museum, while Joey and Chandler clash over personal belongings and personal space.",9,26 Sep. 1996,"-6,288"
The One with the Jam,Monica tries to get over Richard by using her free time to make jam and considers artificial insemination through a sperm bank. Phoebe is stalked by a man who mistakes her for Ursula.,8,3 Oct. 1996,"-4,479"
The One with the Metaphorical Tunnel,Chandler tries to get over his fear of commitment. Phoebe poses as Joey's agent after she forgets to tell him about an audition. Ross panics after seeing Ben play with a Barbie doll and tries to convince him to play with more manly toys.,8,10 Oct. 1996,"-4,311"
The One with Frank Jr.,Phoebe has trouble bonding with her half-brother Frank when he comes to visit. Joey attempts to build an entertainment center. Ross is challenged to name the five celebrities he'd like to sleep with most.,8.1,17 Oct. 1996,"-4,421"
The One with the Flashback,"The gang remember the events three years ago, when several of them almost slept together.",9.1,31 Oct. 1996,"-5,788"
The One with the Race Car Bed,Monica buys a bed from Janice's soon to be ex husband. Ross and Rachel have dinner with Rachel's father. Joey leads an acting class.,8.3,7 Nov. 1996,"-4,364"
The One with the Giant Poking Device,Chandler is devastated after Joey tells him he saw Janice kissing her ex-husband. Monica accidentally bumps Ben's head into a post when she and Rachel babysit. Phoebe is paranoid if she goes to dentist someone she knows will die.,8.3,14 Nov. 1996,"-4,389"
The One with the Football,"Old sibling rivalry between Monica and Ross resurfaces and postpones Thanksgiving dinner when the gang decide to play a game of ""touch"" football.",9,21 Nov. 1996,"-6,076"
The One Where Rachel Quits,Ross accidentally breaks a little girl's leg and tries to help her sell boxes of cookies which recreates Monica's childhood fixation. Rachel quits her job at Central Perk and Joey's Christmas tree selling conflicts with Phoebe's principles.,8.1,12 Dec. 1996,"-4,394"
The One Where Chandler Can't Remember Which Sister,A drunken Chandler fools around with one of Joey's sisters - but he can't remember which one. Ross becomes skeptical when a guy at the diner gets Rachel an interview for a position at Bloomingdales.,8.5,9 Jan. 1997,"-4,544"
The One with All the Jealousy,"Ross becomes insanely jealous of Mark. Monica hooks up with a co-worker, who writes her a poem with a hidden meaning. One of Joey's numerous lies on his resume is exposed when he takes part in a Broadway production.",8.2,16 Jan. 1997,"-4,308"
The One Where Monica and Richard Are Just Friends,"Monica's willpower is tested when she bumps into Richard. Joey and Rachel exchange their favorite books. Phoebe dates an athletic guy who doesn't realize he has a ""wardrobe malfunction"".",8.2,30 Jan. 1997,"-4,318"
The One with Phoebe's Ex-Partner,"Phoebe is reunited with her former singing partner who thinks ""Smelly Cat"" has hit potential; Chandler dates a woman with a prosthetic leg.",7.8,6 Feb. 1997,"-4,315"
The One Where Ross and Rachel Take a Break,Ross seeks solace at a party after a bitter fight with Rachel and ends up in the arms of another woman; Phoebe's date needs an interpreter to communicate.,8.5,13 Feb. 1997,"-4,633"
The One with the Morning After,"Ross is guilt-ridden after sleeping with Chloe and desperately tries to stop Rachel from finding out and when she does, the rest of the gang listen to them argue and end up trapped in Monica's room for the rest of the night.",9.1,20 Feb. 1997,"-5,659"
The One Without the Ski Trip,"Monica, Chandler, Phoebe and Joey become stuck in the middle of Ross and Rachel's fight following their break-up.",8.3,6 Mar. 1997,"-4,256"
The One with the Hypnosis Tape,Monica goes out with a guy who turns out to be a software billionaire. Chandler's stop smoking hypnosis tape has an unexpected side effect. Phoebe's brother Frank makes a surprise announcement that he is getting married - to a woman twice his age.,8.4,13 Mar. 1997,"-4,407"
The One with the Tiny T-Shirt,"Rachel goes on her first date, after splitting from Ross, with Mark. Joey clashes with his co-star in his new play. Monica continues to date Pete, even though she is still not attracted to him.",8.1,27 Mar. 1997,"-4,239"
The One with the Dollhouse,"Monica's aunt dies and leaves her an antique dollhouse that she doesn't want Phoebe to play with; Rachel regrets setting up Chandler with her boss, Joanna.",8.1,10 Apr. 1997,"-4,201"
The One with the Chick and the Duck,"Joey buys a chick for him and Chandler, Pete offers Monica a job at his restaurant but she is undecided if she should accept it. Ross shows his continued feelings for Rachel when he gives up being on TV for her.",8.7,17 Apr. 1997,"-4,536"
The One with the Screamer,"Ross witnesses Rachel's date screaming at people. Meanwhile, Joey becomes upset when Kate is offered a job in Los Angeles; Phoebe refuses to hang up the phone when she is placed on hold by her phone company.",8.2,24 Apr. 1997,"-4,279"
The One with Ross's Thing,Ross seeks medical help when he finds a mysterious skin condition on his backside. Phoebe struggles to choose between two guys; Monica can't decide what to do about Pete when she thinks he is going to propose.,8,01-May-97,"-4,201"
The One with the Ultimate Fighting Champion,Monica struggles to support Pete in his goal to become the Ultimate Fighting Champion. Chandler is uneasy when his boss playfully slaps his butt. Rachel becomes jealous when Ross starts dating a woman that was introduced to him by Phoebe.,8.1,08-May-97,"-4,386"
The One at the Beach,"While at the beach, Phoebe meets a family friend with links to her past; Ross discovers that Rachel still loves him and must decide between her and Bonnie.",8.8,15-May-97,"-4,868"
The One with the Jellyfish,"Ross chooses between Rachel and his bald-headed girlfriend Bonnie; Joey, Chandler, and Monica have a perilous encounter with a jellyfish at the beach.",9.1,25 Sep. 1997,"-5,502"
The One with the Cat,Phoebe becomes convinced that the spirit of her dead mother is inside a cat. Chandler and Joey are robbed. Monica goes on a date with a guy from her high school.,8,2 Oct. 1997,"-4,291"
The One with the 'Cuffs,Monica tries to avoid criticism when she caters a party for her mother. Chandler ends up half naked and handcuffed to a chair in Rachel's boss's office. Joey tries to get educated from a salesman trying to sell him a set of encyclopedias.,8.5,9 Oct. 1997,"-4,361"
The One with the Ballroom Dancing,Joey is forced to help Treeger learn how to dance after he threatens to have Monica and Rachel evicted. Phoebe develops a crush on one of her clients. Ross tries to help Chandler quit the gym.,8.2,16 Oct. 1997,"-4,209"
The One with Joey's New Girlfriend,Chandler develops feelings for Joey's new girlfriend. Ross and Rachel try to make each other jealous with their dates. Phoebe's cold gives her a sexy singing voice.,8.4,30 Oct. 1997,"-4,263"
The One with the Dirty Girl,Ross's new girlfriend is nearly perfect until he discovers her apartment is very dirty. Chandler buys a better birthday present for Kathy than Joey. Phoebe helps Monica cater an event. Rachel is obsessed at finishing a crossword puzzle by herself.,8.5,6 Nov. 1997,"-4,368"
The One Where Chandler Crosses the Line,Chandler is guilt-ridden after kissing Kathy. Ross starts playing the keyboard again and everyone except Phoebe thinks he's terrible. Joey dates someone else while still attached to Kathy.,8.7,13 Nov. 1997,"-4,416"
The One with Chandler in a Box,Chandler tries to earn Joey's forgiveness by lying in a wooden box for six hours. Monica accidentally gets ice in her eye and her doctor turns out to be Richard's son and it's discovered Rachel exchanges the gifts she received in the past.,9.1,20 Nov. 1997,"-5,519"
The One Where They're Going to Party!,Monica ends up having to choose between a head chef position or the catering business she started with Phoebe. Rachel is close to getting a promotion but tragedy strikes. Chandler and Ross are excited when an old friend is coming to town.,7.9,11 Dec. 1997,"-4,112"
The One with the Girl from Poughkeepsie,"In order for her kitchen staff to acknowledge her authority, Monica hires Joey so she can fire him in front of them. Chandler unsuccessfully tries to set Rachel up with a co-worker. Ross can't choose between two girls.",8,18 Dec. 1997,"-4,089"
The One with Phoebe's Uterus,Newlyweds Frank and Alice ask Phoebe to be their surrogate. Joey gets a job as a tour guide at Ross's museum. Chandler asks Monica and Rachel for advice on how to sexually satisfy Kathy.,8.5,8 Jan. 1998,"-4,402"
The One with the Embryos,"Phoebe's uterus is examined for implantation of the embryos. Meanwhile, a seemingly harmless game between Chandler and Joey against Monica and Rachel escalates into a full blown contest where the stakes are raised higher and higher.",9.5,15 Jan. 1998,"-8,117"
The One with Rachel's Crush,"After seeing Kathy's play, Chandler becomes convinced she is cheating on him with her co-star. Rachel develops a crush on one of her customers. Monica becomes jealous when she realizes she is no longer the 'hostess'.",8.2,29 Jan. 1998,"-4,071"
The One with Joey's Dirty Day,"Joey arrives on the set of his latest movie unwashed, after a three-day fishing trip with his dad. Rachel sets up Ross with the niece of her boss. Chandler goes through three phrases to help recover from Kathy cheating on him.",8.2,5 Feb. 1998,"-4,114"
The One with All the Rugby,"Chandler runs into Janice, and finds her more irritating than ever. Meanwhile, Ross attempts to learn how to play rugby to impress Emily and Monica obsesses over a electric switch.",8.5,26 Feb. 1998,"-4,300"
The One with the Fake Party,Rachel organizes a fake good bye party for Emily so she can spend time with Joshua. A side effect from her pregnancy causes Phoebe to have a craving for meat.,8.2,19 Mar. 1998,"-4,150"
The One with the Free Porn,Chandler and Joey discover that they're getting a free porn channel on their TV. Monica encourages Ross to tell Emily he loves her just before she leaves for London. Phoebe gets a shock when she visits her OB-GYN.,8.6,26 Mar. 1998,"-4,300"
The One with Rachel's New Dress,Rachel has an awkward encounter with Joshua's parents. Phoebe is offered the chance to name one of the triplets. Ross becomes paranoid when Emily goes to London with Susan.,8.2,2 Apr. 1998,"-4,074"
The One with All the Haste,Ross proposes to Emily. Monica and Rachel try to win their apartment back from Chandler and Joey.,8.7,9 Apr. 1998,"-4,291"
The One with All the Wedding Dresses,"Monica tries on Emily's wedding dress, and can't stop wearing it. Jealous of Ross's proposal to Emily, Rachel tries to talk Joshua into marriage. Chandler takes Joey to a sleep clinic when he starts snoring.",8.5,16 Apr. 1998,"-4,215"
The One with the Invitation,"As Ross and Emily send out wedding invitations, he and Rachel each look back on their relationship together while Joey and Chandler look for a purpose in life.",7.1,23 Apr. 1998,"-4,546"
The One with the Worst Best Man Ever,"at first Ross chooses Joey to be his best man but after a mishap at his bachelor party, he decides he wants both Joey and Chandler as his best men. Phoebe's mood swings makes Monica and Rachel nervous.",8.5,30 Apr. 1998,"-4,127"
The One with Ross's Wedding,Phoebe tries to help Rachel deal with her feelings for Ross as the rest of the gang head to London for Ross and Emily's wedding.,8.7,07-May-98,"-4,520"
The One with Ross's Wedding: Part 2,Phoebe tries to warn the gang that Rachel is coming to London to tell Ross she still loves him. Ross and Emily's parents get into an argument over the bill for the wedding. Monica and Chandler sleep together. The wedding ends with a gaffe.,9.2,07-May-98,"-5,632"
The One After Ross Says Rachel,"A humiliated Emily runs away after Ross says Rachel's name at the altar. Meanwhile, Chandler and Monica struggle to get time alone together.",8.9,24 Sep. 1998,"-4,808"
The One with All the Kissing,Chandler must constantly kiss the girls to cover up a kiss he gave to Monica to hide their affair. Phoebe gets irritated when the gang constantly talk about London. Rachel puts Monica in charge of her love life. Ross tries to contact Emily.,9,1 Oct. 1998,"-4,945"
The One Hundredth,"The gang take Phoebe to the hospital after she goes into labor. Monica threatens to go on a date with a male nurse after Chandler claims they are ""just goofing around."" Joey gets treated for kidney stones.",8.8,8 Oct. 1998,"-4,510"
The One Where Phoebe Hates PBS,Ross finally gets in touch with Emily and they try to work it out. Chandler gloats after Rachel reveals that Monica's secret boyfriend is the best sex she ever had. Phoebe and Joey debate if a selfless good deed exists.,8.2,18 Oct. 1998,"-4,040"
The One with the Kips,Chandler and Monica go away for the weekend but spend the entire time fighting. Ross tries to tell Rachel about his agreement with Emily.,8.7,29 Oct. 1998,"-4,349"
The One with the Yeti,The gang become frustrated with Emily's demands to Ross. Monica and Rachel mistake their new neighbor for a yeti. Phoebe receives a fur coat as a family heirloom from her mother.,8,5 Nov. 1998,"-4,030"
The One Where Ross Moves In,Ross moves in with Chandler and Joey after Emily's cousin kicks him out of his apartment. Phoebe dates a health inspector. Rachel plays hard-to-get with Danny.,8.3,12 Nov. 1998,"-4,082"
The One with All the Thanksgivings,The gang remember and share with each other their worst Thanksgivings.,9.1,19 Nov. 1998,"-5,644"
The One with Ross's Sandwich,Joey finds himself constantly covering for Chandler and Monica's affair. Ross becomes angry when someone at work eats his sandwich. Phoebe and Rachel enroll in a literature class.,9.1,10 Dec. 1998,"-5,208"
The One with the Inappropriate Sister,A bored Ross wreaks havoc in Chandler and Joey's lives. Rachel is uncomfortable with Danny's unusually close relationship with his sister. Phoebe runs into trouble whilst collecting donations for the poor during Christmas.,8.1,17 Dec. 1998,"-4,017"
The One with All the Resolutions,The gang make their New Years resolutions. Chandler struggles to not make jokes about everyone. Rachel uncovers a secret. Ross runs into trouble when he wears leather pants on a date.,9.1,7 Jan. 1999,"-5,078"
The One with Chandler's Work Laugh,Monica becomes annoyed at how Chandler sucks up to his boss by mimicking his boss's laugh and laughing at his tasteless jokes. Ross hooks up with Janice when he finds out Emily is getting married.,8.2,21 Jan. 1999,"-3,998"
The One with Joey's Bag,"Phoebe's grandmother dies, and Phoebe is shocked when her father turns up at the funeral. Meanwhile, Rachel gives Joey a ""man's bag"" for an audition, and Chandler is scared to tell Monica he doesn't like her massages.",8.1,4 Feb. 1999,"-4,002"
The One Where Everybody Finds Out,"When Phoebe finds out about Monica and Chandler, she and Rachel attempt to get them to confess their relationship.",9.7,11 Feb. 1999,"-10,908"
The One with the Girl Who Hits Joey,Ross makes enemies out of his new neighbors. Chandler freaks out about his relationship with Monica. Joey dates a girl who likes to playfully punch him but she doesn't realize she punches him too hard and Joey is reluctant to tell her.,8.5,18 Feb. 1999,"-4,216"
The One with the Cop,"Joey has a dream about Monica and becomes convinced he is in love with her. Meanwhile, Phoebe finds a police badge in Central Perk, and Ross tries to get his new sofa into his apartment.",8.6,25 Feb. 1999,"-4,340"
The One with Rachel's Inadvertent Kiss,Rachel has an awkward encounter when she interviews for a new job. Monica becomes jealous of Phoebe and Gary. Joey searches for a 'hot girl' in Ross's building.,8.5,18 Mar. 1999,"-4,035"
The One Where Rachel Smokes,"Rachel takes up smoking to feel more included at work. Joey auditions for a soup commercial with Ross's son Ben, but they end up competing against each other. Monica and Phoebe plan Rachel's surprise birthday party one month in advance.",7.9,8 Apr. 1999,"-3,916"
The One Where Ross Can't Flirt,"As Joey's grandmother visits to watch him on TV, Ross has trouble flirting with the pizza delivery girl, and Rachel tries to find an earring of Monica's that she has misplaced.",8.7,22 Apr. 1999,"-4,349"
The One with the Ride Along,The guys go on a ride-along with Gary. Rachel accidentally deletes a message from Emily on Ross's answering machine.,8.2,29 Apr. 1999,"-3,917"
The One with the Ball,"Gary asks Phoebe to move in with him but she's reluctant to and to overcome boredom, Ross and Joey start throwing a ball to each other. Rachel buys an expensive cat but it doesn't behave as she hoped it would.",8.4,06-May-99,"-4,062"
The One with Joey's Big Break,"Joey drives to Las Vegas to shoot a new movie where he is in the lead role. Rachel gets an eye infection but is reluctant to seek treatment because of her eye phobia. Phoebe is mad at Ross, but doesn't know why.",8.2,11-May-99,"-3,878"
The One in Vegas: Part 1,The gang go to Las Vegas to visit Joey. Chandler is angry when he finds out Monica had lunch with Richard. Ross and Rachel try to embarrass each other after an awkward encounter.,8.8,20-May-99,"-4,420"
The One in Vegas: Part 2,Chandler and Monica reconcile and hastily decide to get married. Ross and Rachel get drunk and roam the casino. Phoebe deals with a 'lurker' on the slot machines.,9.1,20-May-99,"-5,012"
The One After Vegas,Ross and Rachel deal with the aftermath of their drunken escapade. Phoebe and Joey take a road trip back to New York in Phoebe's grandmother's cab. Monica and Chandler ponder the idea of marriage.,8.7,23 Sep. 1999,"-4,314"
The One Where Ross Hugs Rachel,Monica and Chandler try to tell Rachel and Joey that they're moving in together. Phoebe thinks that Ross didn't get the annulment because he still loves Rachel.,8.2,30 Sep. 1999,"-3,905"
The One with Ross's Denial,Ross tries to deny he still has feelings for Rachel. Joey interviews for a new roommate. Monica and Chandler argue over what to do with the spare room when they move in together.,8.1,7 Oct. 1999,"-3,851"
The One Where Joey Loses His Insurance,"Joey's health benefits lapse just as he develops a hernia. Ross is given a professorship at NYU and eager to impress his students, he puts on a fake English accent.",8.5,14 Oct. 1999,"-4,027"
The One with Joey's Porsche,"Ross and Rachel try to get an annulment, Joey finds the keys to a porsche in Central Perk, and Phoebe, Monica and Chandler babysit the triplets.",8.1,21 Oct. 1999,"-3,928"
The One on the Last Night,"On the last night before Chandler and Monica move in together, Monica and Rachel argue, and Chandler tries to give Joey money to help him pay the bills.",8.5,4 Nov. 1999,"-3,974"
The One Where Phoebe Runs,Rachel is embarrassed by Phoebe's odd running style. Joey gets a new roommate. Chandler tries to impress Monica by cleaning the apartment but forgets how everything is supposed to look.,8.3,11 Nov. 1999,"-3,992"
The One with Ross' Teeth,Ross goes too far while trying to impress a date by over-whitening his teeth. Rachel uses gossip to get her boss to like her after Phoebe supposedly makes out with Ralph Lauren.,8.5,18 Nov. 1999,"-4,149"
The One Where Ross Got High,Ross is forced to reveal the reason why Jack and Judy don't like Chandler. Rachel tries to make dessert for the gang. Joey and Ross try to get out of Thanksgiving when they are invited to hang out with Janine and her dancer friends.,9.2,25 Nov. 1999,"-5,631"
The One with the Routine,"On the set of ""Dick Clark's New Year's Rockin' Eve"", Joey tries to kiss Janine at midnight and Monica and Ross resurrect their dance routine from high school. Meanwhile, Rachel, Phoebe and Chandler look for Monica's Christmas presents.",8.6,16 Dec. 1999,"-4,282"
The One with the Apothecary Table,"Joey is caught in the middle when Janine tells him she doesn't like Monica and Chandler. Meanwhile, Rachel buys an apothecary table from a store that Phoebe hates.",8.1,6 Jan. 2000,"-3,903"
The One with the Joke,"Chandler and Ross argue over a joke. Meanwhile, Joey reluctantly takes a waiter job at Central Perk, and Monica becomes annoyed when Phoebe says she would choose Rachel over her as a girlfriend.",8,13 Jan. 2000,"-3,834"
The One with Rachel's Sister,"Rachel's younger sister arrives in New York and goes on a date with Ross. Meanwhile, Monica won't admit that she is sick.",8.2,3 Feb. 2000,"-3,998"
The One Where Chandler Can't Cry,"Rachel tries to end the spark between Ross and Jill. When Chandler admits that he can't cry, Monica tries to make it happen. The gang discovers that Phoebe's sister, Ursula, is a porn star and is using Phoebe's name.",8.5,10 Feb. 2000,"-4,060"
The One That Could Have Been,Barry and Mindy's impending divorce prompts the gang to fantasize about what their lives might be like if they'd all taken different courses.,8.5,17 Feb. 2000,"-4,186"
The One That Could Have Been,The gang continue to think about how different their lives could have been.,8.5,17 Feb. 2000,"-4,096"
The One with Unagi,Rachel and Phoebe take self-defense classes. Chandler and Monica agree to give each other homemade presents for Valentine's Day. Joey tries to get money through medical research.,9.1,24 Feb. 2000,"-5,560"
The One Where Ross Dates a Student,Ross jeopardizes his career when he starts dating a student from one of his palaeontology classes. Rachel and Phoebe's apartment catches fire.,8.3,9 Mar. 2000,"-3,889"
The One with Joey's Fridge,Joey tries to get everyone to pay for his broken fridge. Ross becomes paranoid when Elizabeth makes plans for spring break. Monica and Chandler compete against Phoebe to find Rachel a date.,8.3,23 Mar. 2000,"-3,946"
The One with Mac and C.H.E.E.S.E.,Chandler forgets to write down a message for Joey when the time of his audition for the lead in a TV show is changed.,7.3,13 Apr. 2000,"-4,193"
The One Where Ross Meets Elizabeth's Dad,"Elizabeth's father takes an instant disliking to Ross. Joey almost gets fired from ""Mac and C.H.E.E.S.E."" after offending the operator of the robot. Phoebe writes a book based on Monica and Chandler.",8.6,27 Apr. 2000,"-4,144"
The One Where Paul's the Man,Paul threatens to have Ross fired from the university if he continues to date Elizabeth. The girls put their names down on a waiting list for a wedding venue.,9,04-May-00,"-4,781"
The One with the Ring,Chandler and Phoebe go looking for an engagement ring for Monica. Rachel tries to get Paul to open up to her.,8.6,11-May-00,"-4,010"
The One with the Proposal,Chandler's plan to propose to Monica at dinner is interrupted by Richard. Joey accidentally buys a boat at a silent auction. Ross and Elizabeth's relationship comes to a crossroad.,8.7,18-May-00,"-4,144"
The One with the Proposal,"Chandler continues to pretend to hate the idea of marriage, unaware Richard wants Monica back. Meanwhile, Rachel and Phoebe discuss their 'back-up' plans.",9.3,18-May-00,"-5,675"
The One with Monica's Thunder,"The gang celebrate Monica and Chandler's engagement, however Ross and Rachel upstage them by briefly reuniting. Joey tries to dress and act like a nineteen-year-old for an audition.",8.4,12 Oct. 2000,"-4,120"
The One with Rachel's Book,"Monica learns her parents have spent her entire wedding fund. Phoebe temporarily moves into Ross's apartment, bringing her massage clients with her. Joey mocks Rachel when he finds an erotic novel she is reading.",8.3,12 Oct. 2000,"-3,829"
The One with Phoebe's Cookies,"Monica tries to figure out Phoebe's grandmother's secret cookie recipe. Meanwhile, Rachel tries to teach Joey how to sail, and Chandler has an awkward encounter when he tries to bond with Jack.",8.1,19 Oct. 2000,"-3,803"
The One with Rachel's Assistant,"Chaos ensues when Monica and Chandler decide to share each other's secrets. Rachel gets a promotion and interviews for an assistant. Joey is offered the chance to go back on ""Days of Our Lives"".",8,26 Oct. 2000,"-3,828"
The One with the Engagement Picture,"Chandler struggles to photograph well for his and Monica's engagement picture. Joey teaches Tag how to pick up women, much to Rachel's annoyance. Phoebe and Ross date a couple who are divorcing.",8,2 Nov. 2000,"-3,785"
The One with the Nap Partners,"Joey and Ross accidentally take a nap together - and much to their dismay, find that they like it. Phoebe and Rachel compete to become Monica's maid of honor.",8.8,9 Nov. 2000,"-4,539"
The One with Ross's Library Book,"Ross and Chandler discovers that Ross's book is in the section of the library where students go to have sex. Monica and Chandler run into Janice and she immediately invites herself to the wedding. They try to avoid her. Meanwhile, Rachel and Phoebe befriend Joey's girlfriend.",8.4,16 Nov. 2000,"-3,881"
The One Where Chandler Doesn't Like Dogs,"Ross struggles to name all 50 states in a game. Joey compromises Rachel's chances with her crush, Tag, during Thanksgiving dinner. Phoebe sneaks a dog into the apartment, making Chandler extremely nervous.",8.1,23 Nov. 2000,"-3,779"
The One with All the Candy,"Monica makes candy to get to know her neighbours, Rachel and Tag try to hide their relationship at work and Ross buys Phoebe a bike.",8.1,7 Dec. 2000,"-3,742"
The One with the Holiday Armadillo,"Ross wants to introduce Ben to Hanukkah. In order to entice Rachel to move back into their refurbished apartment, Phoebe must drive a wedge between Rachel and current roomie Joey.",8.5,14 Dec. 2000,"-4,126"
The One with All the Cheesecakes,Chandler refuses to give back a cheesecake accidentally delivered to his apartment; Phoebe gets angry with Joey when he blows off dinner with her for a date.,8.6,4 Jan. 2001,"-4,001"
The One Where They're Up All Night,"After the gang head up to the roof to see a passing comet, separate events unfold that lead to them all having a sleepless night.",8.6,11 Jan. 2001,"-4,066"
The One Where Rosita Dies,Rachel breaks Joey's armchair. Phoebe takes a temp job in a call centre. Ross and Monica find out their parents are selling their childhood home.,8.4,1 Feb. 2001,"-3,839"
The One Where They All Turn Thirty,Rachel's 30th birthday prompts the rest of the gang to reminisce about their own 30th celebrations.,8.6,8 Feb. 2001,"-4,065"
The One with Joey's New Brain,"Joey gets an opportunity to rejoin ""Days of Our Lives"" when his comatose character is implanted with the brain of a female character. Joey approaches her to get some advice on how to play her character, but she's unaware that she's being written out of the show and freaks out at Joey. Later, she tries to give him some pointers, and they end up spending the night together. Ross tells Chandler and Monica that he has a surprise for their wedding, which turns out to be him playing the bagpipes - terribly, as it turns out. Rachel and Phoebe have their eye on a guy at the ...",8.4,15 Feb. 2001,"-3,944"
The One with the Truth About London,"Chandler is shocked to find out who Monica really wanted to sleep with the night they first got together. Meanwhile, Rachel gets into trouble with Ross when she teaches Ben practical jokes.",8.7,22 Feb. 2001,"-4,088"
The One with the Cheap Wedding Dress,"Monica takes the other girls to an overpriced store to choose her wedding dress, briefing them as if they were in the military since bargain-hunters are far more ruthless then Rachel can usually handle. The worst shopper is Megan: she grabs the dress Monica wants, then blackmails her over booking the swing band that's the only thing Chandler really wants for the wedding. Meanwhile, Ross and Joey independently meet and date Kristen while helping her move in. The rivals agree to let her choose after one date with each, but they get so carried away cheating on the deal ...",8.3,15 Mar. 2001,"-3,776"
The One with Joey's Award,Joey is nominated for a Soapy Award for his part on Days of Our Lives and Rachel is his date to the ceremony. Joey doesn't win the award but takes someone else's award home. Rachel convinces him to take it back because he can't be happy with an award he didn't win. One of Ross' students failed the midterms because he is in love with Ross and can't concentrate in class so Ross changes his grade. But now more students come to Ross pretending to be in love with him in order to get a better grade. When Rachel and Joey take the Soapy back the real winner just throws it ...,8.4,29 Mar. 2001,"-3,823"
The One with Ross and Monica's Cousin,Joey auditions for a naked role in a big movie; Rachel and Phoebe plan Monica's wedding shower; Ross becomes attracted to his cousin after she visits.,8.6,19 Apr. 2001,"-4,264"
The One with Rachel's Big Kiss,Rachel's college friend can't remember a scandalous kiss from the past; Chandler and Ross argue for possession of Val Kilmer's tuxedo.,8.3,26 Apr. 2001,"-3,925"
The One with the Vows,"Monica and Chandler are getting married in four weeks and have to write their vows, but neither has a clue what to say, so they reflect on their past.",7.4,03-May-01,"-3,850"
The One with Chandler's Dad,Ross and Rachel hit the freeway together when Monica's Porsche shows up again; Chandler and Monica go off to Vegas to find Chandler's estranged dad.,8.3,10-May-01,"-3,869"
The One with Monica and Chandler's Wedding: Part 1,"So close to the wedding, Chandler suddenly realizes the overwhelming meaning of getting married. Meanwhile, Joey acts opposite a famous actor in a movie, but can't bring himself to tell him that he spits when he says his lines.",8.9,17-May-01,"-4,337"
The One with Monica and Chandler's Wedding: Part 2,Ross tries to find Chandler with Phoebe's help. Meanwhile Rachel tries to hinder Monica.,9.2,17-May-01,"-4,901"
The One After I Do,The gang learns that Rachel is pregnant; Joey tries to impress a Broadway director who's dating Chandler's mom; Chandler's shoes make it hard for him to dance.,8.7,27 Sep. 2001,"-4,129"
The One with the Red Sweater,"Monica, Phoebe and Joey advise Rachel to tell the father about the pregnancy. Chandler and Ross lose the wedding photos.",9.1,4 Oct. 2001,"-4,798"
The One Where Rachel Tells...,"Even on their honeymoon, Monica is pushy, and is annoyed that Chandler won't jump the line at the airport check-in - especially after the couple in front of them, also on their honeymoon, get bumped up to first class. They try to sneak into the first-class lounge, but are caught - but she at least manages to steal an orange. Joey and Phoebe find that Monica and Chandler have tricked them out of the keys to the master apartment; Joey hopes a false gas leak alert will make super Treeger use his key, but he makes a fireman use an axe, and the wrecked door calls for a big...",8.7,11 Oct. 2001,"-3,918"
The One with the Videotape,"Ross and Rachel tell everyone about the night they were together. They have two different stories of how it happened until Ross accidentally reveals that he videotaped it. Not surprisingly, everyone wants to see it.",9.3,18 Oct. 2001,"-5,580"
The One with Rachel's Date,"Phoebe dates Monica's sous-chef Tim and Monica doesn't fire him for Phoebe's sake. When Phoebe decides to dump Tim, Monica can finally fire him. Rachel has a date with Kash, a co-star on Days of Our Lives. Ross thinks it's weird because whoever takes Rachel out, takes his baby out too. He always pictured that his next child would grow up in a happy family. Rachel's date was terrible because she made the mistake of mentioning she was pregnant. Ross reassures her it isn't so bad because when she has the baby she will love someone more than she ever loved anyone.",8,25 Oct. 2001,"-3,740"
The One with the Halloween Party,"Monica and Chandler decide to throw a Halloween party; Phoebe runs into Ursula and her fiancée, who knows nothing about the ""real"" Ursula.",8.5,1 Nov. 2001,"-4,078"
The One with the Stain,"Chandler hires a maid, whom Monica suspects is stealing her clothing; Eric has trouble forgetting Ursula when he breaks up with her to date Phoebe.",7.8,8 Nov. 2001,"-3,814"
The One with the Stripper,"Chandler finds out that Monica had a bachelorette party with a stripper, even though they promised not to have bachelor/bachelorette parties. Rachel takes Phoebe along to dinner with Rachel's dad, because she is afraid her dad will be really angry when she tells him she's pregnant. Mr. Green is delighted to hear he will be a grandfather, but freaks out when he finds out that Rachel isn't getting married - so she just tells him that Ross won't marry her. Monica feels bad about having had a bachelorette party, so she organizes a bachelor party including a stripper for ...",8.7,15 Nov. 2001,"-4,267"
The One with the Rumor,"Monica invites Will, an old school friend of her and Ross over for Thanksgiving dinner, unaware he isn't too fond of Rachel.",9.3,22 Nov. 2001,"-6,903"
The One with Monica's Boots,"Monica's expensive new boots hurt her feet, but she's determined to prove to Chandler that her purchase was worth it; Ben goes to school with Sting's son.",8,6 Dec. 2001,"-3,793"
The One with Ross's Step Forward,"Joey wants to take Rachel to dinner on a pretend date to practice his dating skills, but soon develops romantic feelings for her; Monica, Phoebe, and Chandler are addicted to Mrs. Pacman.",8,13 Dec. 2001,"-3,640"
The One Where Joey Dates Rachel,"Joey wants to take Rachel to dinner on a pretend date to practice his dating skills, but soon develops romantic feelings for her; gang addicted to Mrs. Pacman.",8.5,10 Jan. 2002,"-3,964"
The One Where Chandler Takes a Bath,Monica turns Chandler on to the concept of taking a bath to relax; Ross and Rachel toss baby names around while deciding whether to learn the baby's sex.,8.5,17 Jan. 2002,"-3,860"
The One with the Secret Closet,"Chandler's very curious about a locked closet, but Monica won't tell him what is inside.",8.2,31 Jan. 2002,"-3,660"
The One with the Birthing Video,"During Valentine's Day, Chandler discovers the miracle of birth seeing an extremely graphic video. Ross hides from Mona that Rachel is now living in his apartment",8.3,7 Feb. 2002,"-3,650"
The One Where Joey Tells Rachel,"Ross freaks out when Joey tells him that he is in love with Rachel because Ross is afraid that they will get married and raise his kid together. Phoebe dates a guy called Don, who she thinks is Monica's soul-mate and introduces Don to Monica to see what will happen. Monica and Don get along perfectly. Ross goes to tell Joey that he doesn't hate him and Joey promises to never act on his feelings for Rachel because he won't jeopardize his friendship to Ross. But when Ross realizes that Joey really is in love for the first time he tells Joey to tell Rachel. When Joey ...",8.2,28 Feb. 2002,"-3,713"
The One with the Tea Leaves,"Chandler and Monica are happy together - their worst problem is his habit to put CDs in the wrong box and their different taste in music. Rachel is desperate to get back on good terms with Joey, so she takes Monica's advice to change the subject to something work-related. However in another uncomfortable conversation she manages to convince Joey that her boss, Mr. Zelner, wants to buy her baby. When Phoebe resumes reading tea leaves, she sees that she'll meet the man of her dreams soon, and takes that to be Jim, who she keeps bumping into. However she soon finds he ...",8,7 Mar. 2002,"-3,657"
The One in Massapequa,Everyone prepares for the Gellers' 35th wedding anniversary in Long Island; Monica struggles to prepare the perfect toast; Phoebe invites her new boyfriend Parker.,8.2,28 Mar. 2002,"-3,710"
The One with Joey's Interview,"Joey prepares for his epic interview with Soap Opera Digest, reminiscing about his past acting experiences, his friends and his romantic life.",7.4,4 Apr. 2002,"-3,831"
The One with the Baby Shower,"Monica and Phoebe throw Rachel a baby shower but forget to invite Rachel's mom. Rachel realizes she has no idea how to look after the baby after the birth. Meanwhile, Joey auditions for a job as a host for a new game show called ""Bamboozled"", and Chandler and Ross help him practice.",8.2,25 Apr. 2002,"-3,703"
The One with the Cooking Class,"Monica's restaurant get a bad review. After confronting the critic who wrote it, she decides to join a cooking class, with Joey in tow. Rachel gets jealous when Ross hits it off with a woman at the baby department store.",8.1,02-May-02,"-3,688"
The One Where Rachel Is Late,Monica and Phoebe bet on when Rachel's baby will be born as the due date comes and goes as Rachel becomes extremely irritable; Chandler falls asleep at Joey's big movie premiere.,8.3,09-May-02,"-3,645"
The One Where Rachel Has a Baby: Part 1,"Ross and Rachel go to the hospital to have their baby, but it's a long labor. They get stuck in a semi-private room, and many other couples come and go before Rachel is ready to deliver - the last couple being Janice and her new husband. Chandler and Monica decide to start trying to have a baby.",8.8,16-May-02,"-3,981"
The One Where Rachel Has a Baby: Part 2,"After Rachel gives birth to her baby, she must confront relationship issues around her.",8.9,16-May-02,"-4,293"
The One Where No One Proposes,"Rachel, Ross and Joey get together in a guyand figure out that no one was actually going to propose; Mr. Geller walks in on Monica and Chandler having sex.",8.6,26 Sep. 2002,"-4,033"